row,col,baseline,noise_width,timestamp,chip_name,chip_address,batch_name,batch_id,batch_started_at,save_notes
0,0,0,0,2026-04-10T17:25:54.053271+09:00,chip_name,96,eee,20260410_172234_eee,2026-04-10T17:22:34.711018+09:00,eee
0,1,0,0,2026-04-10T17:25:54.737940+09:00,chip_name,96,eee,20260410_172234_eee,2026-04-10T17:22:34.711018+09:00,eee
0,2,0,0,2026-04-10T17:25:55.444499+09:00,chip_name,96,eee,20260410_172234_eee,2026-04-10T17:22:34.711018+09:00,eee
0,3,0,0,2026-04-10T17:25:56.137443+09:00,chip_name,96,eee,20260410_172234_eee,2026-04-10T17:22:34.711018+09:00,eee
0,4,0,0,2026-04-10T17:25:56.814072+09:00,chip_name,96,eee,20260410_172234_eee,2026-04-10T17:22:34.711018+09:00,eee
0,5,0,0,2026-04-10T17:25:57.488457+09:00,chip_name,96,eee,20260410_172234_eee,2026-04-10T17:22:34.711018+09:00,eee
0,6,0,0,2026-04-10T17:25:58.175972+09:00,chip_name,96,eee,20260410_172234_eee,2026-04-10T17:22:34.711018+09:00,eee
0,7,0,0,2026-04-10T17:25:58.891930+09:00,chip_name,96,eee,20260410_172234_eee,2026-04-10T17:22:34.711018+09:00,eee
0,8,0,0,2026-04-10T17:25:59.592048+09:00,chip_name,96,eee,20260410_172234_eee,2026-04-10T17:22:34.711018+09:00,eee
0,9,0,0,2026-04-10T17:26:00.271043+09:00,chip_name,96,eee,20260410_172234_eee,2026-04-10T17:22:34.711018+09:00,eee
0,10,0,0,2026-04-10T17:26:00.947801+09:00,chip_name,96,eee,20260410_172234_eee,2026-04-10T17:22:34.711018+09:00,eee
0,11,0,0,2026-04-10T17:26:01.631090+09:00,chip_name,96,eee,20260410_172234_eee,2026-04-10T17:22:34.711018+09:00,eee
0,12,0,0,2026-04-10T17:26:02.324355+09:00,chip_name,96,eee,20260410_172234_eee,2026-04-10T17:22:34.711018+09:00,eee
0,13,0,0,2026-04-10T17:26:03.031490+09:00,chip_name,96,eee,20260410_172234_eee,2026-04-10T17:22:34.711018+09:00,eee
0,14,0,0,2026-04-10T17:26:03.735043+09:00,chip_name,96,eee,20260410_172234_eee,2026-04-10T17:22:34.711018+09:00,eee
0,15,0,0,2026-04-10T17:26:04.417840+09:00,chip_name,96,eee,20260410_172234_eee,2026-04-10T17:22:34.711018+09:00,eee
1,0,0,0,2026-04-10T17:26:05.093207+09:00,chip_name,96,eee,20260410_172234_eee,2026-04-10T17:22:34.711018+09:00,eee
1,1,0,0,2026-04-10T17:26:05.768726+09:00,chip_name,96,eee,20260410_172234_eee,2026-04-10T17:22:34.711018+09:00,eee
1,2,0,0,2026-04-10T17:26:06.471560+09:00,chip_name,96,eee,20260410_172234_eee,2026-04-10T17:22:34.711018+09:00,eee
1,3,0,0,2026-04-10T17:26:07.171206+09:00,chip_name,96,eee,20260410_172234_eee,2026-04-10T17:22:34.711018+09:00,eee
1,4,0,0,2026-04-10T17:26:07.851107+09:00,chip_name,96,eee,20260410_172234_eee,2026-04-10T17:22:34.711018+09:00,eee
1,5,0,0,2026-04-10T17:26:08.538784+09:00,chip_name,96,eee,20260410_172234_eee,2026-04-10T17:22:34.711018+09:00,eee
1,6,0,0,2026-04-10T17:26:09.222789+09:00,chip_name,96,eee,20260410_172234_eee,2026-04-10T17:22:34.711018+09:00,eee
1,7,0,0,2026-04-10T17:26:09.916623+09:00,chip_name,96,eee,20260410_172234_eee,2026-04-10T17:22:34.711018+09:00,eee
1,8,0,0,2026-04-10T17:26:10.627163+09:00,chip_name,96,eee,20260410_172234_eee,2026-04-10T17:22:34.711018+09:00,eee
1,9,0,0,2026-04-10T17:26:11.328085+09:00,chip_name,96,eee,20260410_172234_eee,2026-04-10T17:22:34.711018+09:00,eee
1,10,0,0,2026-04-10T17:26:12.007541+09:00,chip_name,96,eee,20260410_172234_eee,2026-04-10T17:22:34.711018+09:00,eee
1,11,0,0,2026-04-10T17:26:12.694016+09:00,chip_name,96,eee,20260410_172234_eee,2026-04-10T17:22:34.711018+09:00,eee
1,12,0,0,2026-04-10T17:26:13.368474+09:00,chip_name,96,eee,20260410_172234_eee,2026-04-10T17:22:34.711018+09:00,eee
1,13,0,0,2026-04-10T17:26:14.044007+09:00,chip_name,96,eee,20260410_172234_eee,2026-04-10T17:22:34.711018+09:00,eee
1,14,0,0,2026-04-10T17:26:14.749754+09:00,chip_name,96,eee,20260410_172234_eee,2026-04-10T17:22:34.711018+09:00,eee
1,15,0,0,2026-04-10T17:26:15.451808+09:00,chip_name,96,eee,20260410_172234_eee,2026-04-10T17:22:34.711018+09:00,eee
2,0,0,0,2026-04-10T17:26:16.132977+09:00,chip_name,96,eee,20260410_172234_eee,2026-04-10T17:22:34.711018+09:00,eee
2,1,0,0,2026-04-10T17:26:16.818117+09:00,chip_name,96,eee,20260410_172234_eee,2026-04-10T17:22:34.711018+09:00,eee
2,2,0,0,2026-04-10T17:26:17.499885+09:00,chip_name,96,eee,20260410_172234_eee,2026-04-10T17:22:34.711018+09:00,eee
2,3,0,0,2026-04-10T17:26:18.190978+09:00,chip_name,96,eee,20260410_172234_eee,2026-04-10T17:22:34.711018+09:00,eee
2,4,0,0,2026-04-10T17:26:18.900238+09:00,chip_name,96,eee,20260410_172234_eee,2026-04-10T17:22:34.711018+09:00,eee
2,5,0,0,2026-04-10T17:26:19.599929+09:00,chip_name,96,eee,20260410_172234_eee,2026-04-10T17:22:34.711018+09:00,eee
2,6,0,0,2026-04-10T17:26:20.279412+09:00,chip_name,96,eee,20260410_172234_eee,2026-04-10T17:22:34.711018+09:00,eee
2,7,0,0,2026-04-10T17:26:20.967612+09:00,chip_name,96,eee,20260410_172234_eee,2026-04-10T17:22:34.711018+09:00,eee
2,8,0,0,2026-04-10T17:26:21.651071+09:00,chip_name,96,eee,20260410_172234_eee,2026-04-10T17:22:34.711018+09:00,eee
2,9,0,0,2026-04-10T17:26:22.377869+09:00,chip_name,96,eee,20260410_172234_eee,2026-04-10T17:22:34.711018+09:00,eee
2,10,0,0,2026-04-10T17:26:23.077134+09:00,chip_name,96,eee,20260410_172234_eee,2026-04-10T17:22:34.711018+09:00,eee
2,11,0,0,2026-04-10T17:26:23.756160+09:00,chip_name,96,eee,20260410_172234_eee,2026-04-10T17:22:34.711018+09:00,eee
2,12,0,0,2026-04-10T17:26:24.431863+09:00,chip_name,96,eee,20260410_172234_eee,2026-04-10T17:22:34.711018+09:00,eee
2,13,0,0,2026-04-10T17:26:25.107669+09:00,chip_name,96,eee,20260410_172234_eee,2026-04-10T17:22:34.711018+09:00,eee
2,14,0,0,2026-04-10T17:26:25.809784+09:00,chip_name,96,eee,20260410_172234_eee,2026-04-10T17:22:34.711018+09:00,eee
2,15,0,0,2026-04-10T17:26:26.512778+09:00,chip_name,96,eee,20260410_172234_eee,2026-04-10T17:22:34.711018+09:00,eee
3,0,0,0,2026-04-10T17:26:27.202881+09:00,chip_name,96,eee,20260410_172234_eee,2026-04-10T17:22:34.711018+09:00,eee
3,1,0,0,2026-04-10T17:26:27.879800+09:00,chip_name,96,eee,20260410_172234_eee,2026-04-10T17:22:34.711018+09:00,eee
3,2,0,0,2026-04-10T17:26:28.554730+09:00,chip_name,96,eee,20260410_172234_eee,2026-04-10T17:22:34.711018+09:00,eee
3,3,0,0,2026-04-10T17:26:29.229310+09:00,chip_name,96,eee,20260410_172234_eee,2026-04-10T17:22:34.711018+09:00,eee
3,4,0,0,2026-04-10T17:26:29.939219+09:00,chip_name,96,eee,20260410_172234_eee,2026-04-10T17:22:34.711018+09:00,eee
3,5,0,0,2026-04-10T17:26:30.648174+09:00,chip_name,96,eee,20260410_172234_eee,2026-04-10T17:22:34.711018+09:00,eee
3,6,0,0,2026-04-10T17:26:31.337379+09:00,chip_name,96,eee,20260410_172234_eee,2026-04-10T17:22:34.711018+09:00,eee
3,7,0,0,2026-04-10T17:26:32.015458+09:00,chip_name,96,eee,20260410_172234_eee,2026-04-10T17:22:34.711018+09:00,eee
3,8,0,0,2026-04-10T17:26:32.690642+09:00,chip_name,96,eee,20260410_172234_eee,2026-04-10T17:22:34.711018+09:00,eee
3,9,0,0,2026-04-10T17:26:33.385744+09:00,chip_name,96,eee,20260410_172234_eee,2026-04-10T17:22:34.711018+09:00,eee
3,10,0,0,2026-04-10T17:26:34.093652+09:00,chip_name,96,eee,20260410_172234_eee,2026-04-10T17:22:34.711018+09:00,eee
3,11,0,0,2026-04-10T17:26:34.780950+09:00,chip_name,96,eee,20260410_172234_eee,2026-04-10T17:22:34.711018+09:00,eee
3,12,0,0,2026-04-10T17:26:35.461968+09:00,chip_name,96,eee,20260410_172234_eee,2026-04-10T17:22:34.711018+09:00,eee
3,13,0,0,2026-04-10T17:26:36.154022+09:00,chip_name,96,eee,20260410_172234_eee,2026-04-10T17:22:34.711018+09:00,eee
3,14,0,0,2026-04-10T17:26:36.846497+09:00,chip_name,96,eee,20260410_172234_eee,2026-04-10T17:22:34.711018+09:00,eee
3,15,0,0,2026-04-10T17:26:37.568428+09:00,chip_name,96,eee,20260410_172234_eee,2026-04-10T17:22:34.711018+09:00,eee
4,0,0,0,2026-04-10T17:26:38.273403+09:00,chip_name,96,eee,20260410_172234_eee,2026-04-10T17:22:34.711018+09:00,eee
4,1,0,0,2026-04-10T17:26:38.954328+09:00,chip_name,96,eee,20260410_172234_eee,2026-04-10T17:22:34.711018+09:00,eee
4,2,0,0,2026-04-10T17:26:39.638172+09:00,chip_name,96,eee,20260410_172234_eee,2026-04-10T17:22:34.711018+09:00,eee
4,3,0,0,2026-04-10T17:26:40.322129+09:00,chip_name,96,eee,20260410_172234_eee,2026-04-10T17:22:34.711018+09:00,eee
4,4,0,0,2026-04-10T17:26:41.011607+09:00,chip_name,96,eee,20260410_172234_eee,2026-04-10T17:22:34.711018+09:00,eee
4,5,0,0,2026-04-10T17:26:41.717453+09:00,chip_name,96,eee,20260410_172234_eee,2026-04-10T17:22:34.711018+09:00,eee
4,6,0,0,2026-04-10T17:26:42.425473+09:00,chip_name,96,eee,20260410_172234_eee,2026-04-10T17:22:34.711018+09:00,eee
4,7,0,0,2026-04-10T17:26:43.118259+09:00,chip_name,96,eee,20260410_172234_eee,2026-04-10T17:22:34.711018+09:00,eee
4,8,0,0,2026-04-10T17:26:43.820812+09:00,chip_name,96,eee,20260410_172234_eee,2026-04-10T17:22:34.711018+09:00,eee
4,9,0,0,2026-04-10T17:26:44.501873+09:00,chip_name,96,eee,20260410_172234_eee,2026-04-10T17:22:34.711018+09:00,eee
4,10,0,0,2026-04-10T17:26:45.214910+09:00,chip_name,96,eee,20260410_172234_eee,2026-04-10T17:22:34.711018+09:00,eee
4,11,0,0,2026-04-10T17:26:45.910591+09:00,chip_name,96,eee,20260410_172234_eee,2026-04-10T17:22:34.711018+09:00,eee
4,12,0,0,2026-04-10T17:26:46.588924+09:00,chip_name,96,eee,20260410_172234_eee,2026-04-10T17:22:34.711018+09:00,eee
4,13,0,0,2026-04-10T17:26:47.263967+09:00,chip_name,96,eee,20260410_172234_eee,2026-04-10T17:22:34.711018+09:00,eee
4,14,0,0,2026-04-10T17:26:47.941734+09:00,chip_name,96,eee,20260410_172234_eee,2026-04-10T17:22:34.711018+09:00,eee
4,15,0,0,2026-04-10T17:26:48.646071+09:00,chip_name,96,eee,20260410_172234_eee,2026-04-10T17:22:34.711018+09:00,eee
5,0,0,0,2026-04-10T17:26:49.351156+09:00,chip_name,96,eee,20260410_172234_eee,2026-04-10T17:22:34.711018+09:00,eee
5,1,0,0,2026-04-10T17:26:50.038269+09:00,chip_name,96,eee,20260410_172234_eee,2026-04-10T17:22:34.711018+09:00,eee
5,2,0,0,2026-04-10T17:26:50.714407+09:00,chip_name,96,eee,20260410_172234_eee,2026-04-10T17:22:34.711018+09:00,eee
5,3,0,0,2026-04-10T17:26:51.389188+09:00,chip_name,96,eee,20260410_172234_eee,2026-04-10T17:22:34.711018+09:00,eee
5,4,0,0,2026-04-10T17:26:52.064053+09:00,chip_name,96,eee,20260410_172234_eee,2026-04-10T17:22:34.711018+09:00,eee
5,5,0,0,2026-04-10T17:26:52.778185+09:00,chip_name,96,eee,20260410_172234_eee,2026-04-10T17:22:34.711018+09:00,eee
5,6,0,0,2026-04-10T17:26:53.483153+09:00,chip_name,96,eee,20260410_172234_eee,2026-04-10T17:22:34.711018+09:00,eee
5,7,0,0,2026-04-10T17:26:54.185052+09:00,chip_name,96,eee,20260410_172234_eee,2026-04-10T17:22:34.711018+09:00,eee
5,8,0,0,2026-04-10T17:26:54.878874+09:00,chip_name,96,eee,20260410_172234_eee,2026-04-10T17:22:34.711018+09:00,eee
5,9,0,0,2026-04-10T17:26:55.570801+09:00,chip_name,96,eee,20260410_172234_eee,2026-04-10T17:22:34.711018+09:00,eee
5,10,0,0,2026-04-10T17:26:56.280070+09:00,chip_name,96,eee,20260410_172234_eee,2026-04-10T17:22:34.711018+09:00,eee
5,11,0,0,2026-04-10T17:26:56.978906+09:00,chip_name,96,eee,20260410_172234_eee,2026-04-10T17:22:34.711018+09:00,eee
5,12,0,0,2026-04-10T17:26:57.669742+09:00,chip_name,96,eee,20260410_172234_eee,2026-04-10T17:22:34.711018+09:00,eee
5,13,0,0,2026-04-10T17:26:58.355839+09:00,chip_name,96,eee,20260410_172234_eee,2026-04-10T17:22:34.711018+09:00,eee
5,14,0,0,2026-04-10T17:26:59.031838+09:00,chip_name,96,eee,20260410_172234_eee,2026-04-10T17:22:34.711018+09:00,eee
5,15,0,0,2026-04-10T17:26:59.708335+09:00,chip_name,96,eee,20260410_172234_eee,2026-04-10T17:22:34.711018+09:00,eee
6,0,0,0,2026-04-10T17:27:00.418760+09:00,chip_name,96,eee,20260410_172234_eee,2026-04-10T17:22:34.711018+09:00,eee
6,1,0,0,2026-04-10T17:27:01.121762+09:00,chip_name,96,eee,20260410_172234_eee,2026-04-10T17:22:34.711018+09:00,eee
6,2,0,0,2026-04-10T17:27:01.820819+09:00,chip_name,96,eee,20260410_172234_eee,2026-04-10T17:22:34.711018+09:00,eee
6,3,0,0,2026-04-10T17:27:02.505561+09:00,chip_name,96,eee,20260410_172234_eee,2026-04-10T17:22:34.711018+09:00,eee
6,4,0,0,2026-04-10T17:27:03.183548+09:00,chip_name,96,eee,20260410_172234_eee,2026-04-10T17:22:34.711018+09:00,eee
6,5,0,0,2026-04-10T17:27:03.868108+09:00,chip_name,96,eee,20260410_172234_eee,2026-04-10T17:22:34.711018+09:00,eee
6,6,0,0,2026-04-10T17:27:04.584718+09:00,chip_name,96,eee,20260410_172234_eee,2026-04-10T17:22:34.711018+09:00,eee
6,7,0,0,2026-04-10T17:27:05.278915+09:00,chip_name,96,eee,20260410_172234_eee,2026-04-10T17:22:34.711018+09:00,eee
6,8,0,0,2026-04-10T17:27:05.954947+09:00,chip_name,96,eee,20260410_172234_eee,2026-04-10T17:22:34.711018+09:00,eee
6,9,0,0,2026-04-10T17:27:06.653620+09:00,chip_name,96,eee,20260410_172234_eee,2026-04-10T17:22:34.711018+09:00,eee
6,10,0,0,2026-04-10T17:27:07.331859+09:00,chip_name,96,eee,20260410_172234_eee,2026-04-10T17:22:34.711018+09:00,eee
6,11,0,0,2026-04-10T17:27:08.025062+09:00,chip_name,96,eee,20260410_172234_eee,2026-04-10T17:22:34.711018+09:00,eee
6,12,0,0,2026-04-10T17:27:08.731666+09:00,chip_name,96,eee,20260410_172234_eee,2026-04-10T17:22:34.711018+09:00,eee
6,13,0,0,2026-04-10T17:27:09.422465+09:00,chip_name,96,eee,20260410_172234_eee,2026-04-10T17:22:34.711018+09:00,eee
6,14,0,0,2026-04-10T17:27:10.100367+09:00,chip_name,96,eee,20260410_172234_eee,2026-04-10T17:22:34.711018+09:00,eee
6,15,0,0,2026-04-10T17:27:10.784904+09:00,chip_name,96,eee,20260410_172234_eee,2026-04-10T17:22:34.711018+09:00,eee
7,0,0,0,2026-04-10T17:27:11.464363+09:00,chip_name,96,eee,20260410_172234_eee,2026-04-10T17:22:34.711018+09:00,eee
7,1,0,0,2026-04-10T17:27:12.175432+09:00,chip_name,96,eee,20260410_172234_eee,2026-04-10T17:22:34.711018+09:00,eee
7,2,0,0,2026-04-10T17:27:12.870700+09:00,chip_name,96,eee,20260410_172234_eee,2026-04-10T17:22:34.711018+09:00,eee
7,3,0,0,2026-04-10T17:27:13.549349+09:00,chip_name,96,eee,20260410_172234_eee,2026-04-10T17:22:34.711018+09:00,eee
7,4,0,0,2026-04-10T17:27:14.225181+09:00,chip_name,96,eee,20260410_172234_eee,2026-04-10T17:22:34.711018+09:00,eee
7,5,0,0,2026-04-10T17:27:14.900334+09:00,chip_name,96,eee,20260410_172234_eee,2026-04-10T17:22:34.711018+09:00,eee
7,6,0,0,2026-04-10T17:27:15.602831+09:00,chip_name,96,eee,20260410_172234_eee,2026-04-10T17:22:34.711018+09:00,eee
7,7,0,0,2026-04-10T17:27:16.306586+09:00,chip_name,96,eee,20260410_172234_eee,2026-04-10T17:22:34.711018+09:00,eee
7,8,0,0,2026-04-10T17:27:17.009982+09:00,chip_name,96,eee,20260410_172234_eee,2026-04-10T17:22:34.711018+09:00,eee
7,9,0,0,2026-04-10T17:27:17.689413+09:00,chip_name,96,eee,20260410_172234_eee,2026-04-10T17:22:34.711018+09:00,eee
7,10,0,0,2026-04-10T17:27:18.364824+09:00,chip_name,96,eee,20260410_172234_eee,2026-04-10T17:22:34.711018+09:00,eee
7,11,0,0,2026-04-10T17:27:19.039454+09:00,chip_name,96,eee,20260410_172234_eee,2026-04-10T17:22:34.711018+09:00,eee
7,12,0,0,2026-04-10T17:27:19.752373+09:00,chip_name,96,eee,20260410_172234_eee,2026-04-10T17:22:34.711018+09:00,eee
7,13,0,0,2026-04-10T17:27:20.460780+09:00,chip_name,96,eee,20260410_172234_eee,2026-04-10T17:22:34.711018+09:00,eee
7,14,0,0,2026-04-10T17:27:21.158656+09:00,chip_name,96,eee,20260410_172234_eee,2026-04-10T17:22:34.711018+09:00,eee
7,15,0,0,2026-04-10T17:27:21.834649+09:00,chip_name,96,eee,20260410_172234_eee,2026-04-10T17:22:34.711018+09:00,eee
8,0,0,0,2026-04-10T17:27:22.522508+09:00,chip_name,96,eee,20260410_172234_eee,2026-04-10T17:22:34.711018+09:00,eee
8,1,0,0,2026-04-10T17:27:23.229750+09:00,chip_name,96,eee,20260410_172234_eee,2026-04-10T17:22:34.711018+09:00,eee
8,2,0,0,2026-04-10T17:27:23.940063+09:00,chip_name,96,eee,20260410_172234_eee,2026-04-10T17:22:34.711018+09:00,eee
8,3,0,0,2026-04-10T17:27:24.633948+09:00,chip_name,96,eee,20260410_172234_eee,2026-04-10T17:22:34.711018+09:00,eee
8,4,0,0,2026-04-10T17:27:25.324454+09:00,chip_name,96,eee,20260410_172234_eee,2026-04-10T17:22:34.711018+09:00,eee
8,5,0,0,2026-04-10T17:27:26.012343+09:00,chip_name,96,eee,20260410_172234_eee,2026-04-10T17:22:34.711018+09:00,eee
8,6,0,0,2026-04-10T17:27:26.687917+09:00,chip_name,96,eee,20260410_172234_eee,2026-04-10T17:22:34.711018+09:00,eee
8,7,0,0,2026-04-10T17:27:27.376495+09:00,chip_name,96,eee,20260410_172234_eee,2026-04-10T17:22:34.711018+09:00,eee
8,8,0,0,2026-04-10T17:27:28.091962+09:00,chip_name,96,eee,20260410_172234_eee,2026-04-10T17:22:34.711018+09:00,eee
8,9,0,0,2026-04-10T17:27:28.790611+09:00,chip_name,96,eee,20260410_172234_eee,2026-04-10T17:22:34.711018+09:00,eee
8,10,0,0,2026-04-10T17:27:29.471760+09:00,chip_name,96,eee,20260410_172234_eee,2026-04-10T17:22:34.711018+09:00,eee
8,11,0,0,2026-04-10T17:27:30.159175+09:00,chip_name,96,eee,20260410_172234_eee,2026-04-10T17:22:34.711018+09:00,eee
8,12,0,0,2026-04-10T17:27:30.835589+09:00,chip_name,96,eee,20260410_172234_eee,2026-04-10T17:22:34.711018+09:00,eee
8,13,0,0,2026-04-10T17:27:31.548845+09:00,chip_name,96,eee,20260410_172234_eee,2026-04-10T17:22:34.711018+09:00,eee
8,14,0,0,2026-04-10T17:27:32.245967+09:00,chip_name,96,eee,20260410_172234_eee,2026-04-10T17:22:34.711018+09:00,eee
8,15,0,0,2026-04-10T17:27:32.925383+09:00,chip_name,96,eee,20260410_172234_eee,2026-04-10T17:22:34.711018+09:00,eee
9,0,0,0,2026-04-10T17:27:33.607940+09:00,chip_name,96,eee,20260410_172234_eee,2026-04-10T17:22:34.711018+09:00,eee
9,1,0,0,2026-04-10T17:27:34.301767+09:00,chip_name,96,eee,20260410_172234_eee,2026-04-10T17:22:34.711018+09:00,eee
9,2,0,0,2026-04-10T17:27:34.996517+09:00,chip_name,96,eee,20260410_172234_eee,2026-04-10T17:22:34.711018+09:00,eee
9,3,0,0,2026-04-10T17:27:35.696627+09:00,chip_name,96,eee,20260410_172234_eee,2026-04-10T17:22:34.711018+09:00,eee
9,4,0,0,2026-04-10T17:27:36.390809+09:00,chip_name,96,eee,20260410_172234_eee,2026-04-10T17:22:34.711018+09:00,eee
9,5,0,0,2026-04-10T17:27:37.066241+09:00,chip_name,96,eee,20260410_172234_eee,2026-04-10T17:22:34.711018+09:00,eee
9,6,0,0,2026-04-10T17:27:37.740937+09:00,chip_name,96,eee,20260410_172234_eee,2026-04-10T17:22:34.711018+09:00,eee
9,7,0,0,2026-04-10T17:27:38.435623+09:00,chip_name,96,eee,20260410_172234_eee,2026-04-10T17:22:34.711018+09:00,eee
9,8,0,0,2026-04-10T17:27:39.153012+09:00,chip_name,96,eee,20260410_172234_eee,2026-04-10T17:22:34.711018+09:00,eee
9,9,0,0,2026-04-10T17:27:39.849341+09:00,chip_name,96,eee,20260410_172234_eee,2026-04-10T17:22:34.711018+09:00,eee
9,10,0,0,2026-04-10T17:27:40.528762+09:00,chip_name,96,eee,20260410_172234_eee,2026-04-10T17:22:34.711018+09:00,eee
9,11,0,0,2026-04-10T17:27:41.204046+09:00,chip_name,96,eee,20260410_172234_eee,2026-04-10T17:22:34.711018+09:00,eee
9,12,0,0,2026-04-10T17:27:41.879897+09:00,chip_name,96,eee,20260410_172234_eee,2026-04-10T17:22:34.711018+09:00,eee
9,13,0,0,2026-04-10T17:27:42.578295+09:00,chip_name,96,eee,20260410_172234_eee,2026-04-10T17:22:34.711018+09:00,eee
9,14,0,0,2026-04-10T17:27:43.285165+09:00,chip_name,96,eee,20260410_172234_eee,2026-04-10T17:22:34.711018+09:00,eee
9,15,0,0,2026-04-10T17:27:43.984117+09:00,chip_name,96,eee,20260410_172234_eee,2026-04-10T17:22:34.711018+09:00,eee
10,0,0,0,2026-04-10T17:27:44.662072+09:00,chip_name,96,eee,20260410_172234_eee,2026-04-10T17:22:34.711018+09:00,eee
10,1,0,0,2026-04-10T17:27:45.337547+09:00,chip_name,96,eee,20260410_172234_eee,2026-04-10T17:22:34.711018+09:00,eee
10,2,0,0,2026-04-10T17:27:46.013197+09:00,chip_name,96,eee,20260410_172234_eee,2026-04-10T17:22:34.711018+09:00,eee
10,3,0,0,2026-04-10T17:27:46.721979+09:00,chip_name,96,eee,20260410_172234_eee,2026-04-10T17:22:34.711018+09:00,eee
10,4,0,0,2026-04-10T17:27:47.422906+09:00,chip_name,96,eee,20260410_172234_eee,2026-04-10T17:22:34.711018+09:00,eee
10,5,0,0,2026-04-10T17:27:48.100298+09:00,chip_name,96,eee,20260410_172234_eee,2026-04-10T17:22:34.711018+09:00,eee
10,6,0,0,2026-04-10T17:27:48.786601+09:00,chip_name,96,eee,20260410_172234_eee,2026-04-10T17:22:34.711018+09:00,eee
10,7,0,0,2026-04-10T17:27:49.471455+09:00,chip_name,96,eee,20260410_172234_eee,2026-04-10T17:22:34.711018+09:00,eee
10,8,0,0,2026-04-10T17:27:50.166800+09:00,chip_name,96,eee,20260410_172234_eee,2026-04-10T17:22:34.711018+09:00,eee
10,9,0,0,2026-04-10T17:27:50.877855+09:00,chip_name,96,eee,20260410_172234_eee,2026-04-10T17:22:34.711018+09:00,eee
10,10,0,0,2026-04-10T17:27:51.572602+09:00,chip_name,96,eee,20260410_172234_eee,2026-04-10T17:22:34.711018+09:00,eee
10,11,0,0,2026-04-10T17:27:52.252235+09:00,chip_name,96,eee,20260410_172234_eee,2026-04-10T17:22:34.711018+09:00,eee
10,12,0,0,2026-04-10T17:27:52.942149+09:00,chip_name,96,eee,20260410_172234_eee,2026-04-10T17:22:34.711018+09:00,eee
10,13,0,0,2026-04-10T17:27:53.617115+09:00,chip_name,96,eee,20260410_172234_eee,2026-04-10T17:22:34.711018+09:00,eee
10,14,0,0,2026-04-10T17:27:54.295894+09:00,chip_name,96,eee,20260410_172234_eee,2026-04-10T17:22:34.711018+09:00,eee
10,15,0,0,2026-04-10T17:27:55.008885+09:00,chip_name,96,eee,20260410_172234_eee,2026-04-10T17:22:34.711018+09:00,eee
11,0,0,0,2026-04-10T17:27:55.703749+09:00,chip_name,96,eee,20260410_172234_eee,2026-04-10T17:22:34.711018+09:00,eee
11,1,0,0,2026-04-10T17:27:56.380513+09:00,chip_name,96,eee,20260410_172234_eee,2026-04-10T17:22:34.711018+09:00,eee
11,2,0,0,2026-04-10T17:27:57.072031+09:00,chip_name,96,eee,20260410_172234_eee,2026-04-10T17:22:34.711018+09:00,eee
11,3,0,0,2026-04-10T17:27:57.747655+09:00,chip_name,96,eee,20260410_172234_eee,2026-04-10T17:22:34.711018+09:00,eee
11,4,0,0,2026-04-10T17:27:58.449168+09:00,chip_name,96,eee,20260410_172234_eee,2026-04-10T17:22:34.711018+09:00,eee
11,5,0,0,2026-04-10T17:27:59.148413+09:00,chip_name,96,eee,20260410_172234_eee,2026-04-10T17:22:34.711018+09:00,eee
11,6,0,0,2026-04-10T17:27:59.830074+09:00,chip_name,96,eee,20260410_172234_eee,2026-04-10T17:22:34.711018+09:00,eee
11,7,0,0,2026-04-10T17:28:00.508927+09:00,chip_name,96,eee,20260410_172234_eee,2026-04-10T17:22:34.711018+09:00,eee
11,8,0,0,2026-04-10T17:28:01.203159+09:00,chip_name,96,eee,20260410_172234_eee,2026-04-10T17:22:34.711018+09:00,eee
11,9,0,0,2026-04-10T17:28:01.894486+09:00,chip_name,96,eee,20260410_172234_eee,2026-04-10T17:22:34.711018+09:00,eee
11,10,0,0,2026-04-10T17:28:02.599456+09:00,chip_name,96,eee,20260410_172234_eee,2026-04-10T17:22:34.711018+09:00,eee
11,11,0,0,2026-04-10T17:28:03.295133+09:00,chip_name,96,eee,20260410_172234_eee,2026-04-10T17:22:34.711018+09:00,eee
11,12,0,0,2026-04-10T17:28:03.974340+09:00,chip_name,96,eee,20260410_172234_eee,2026-04-10T17:22:34.711018+09:00,eee
11,13,0,0,2026-04-10T17:28:04.650568+09:00,chip_name,96,eee,20260410_172234_eee,2026-04-10T17:22:34.711018+09:00,eee
11,14,0,0,2026-04-10T17:28:05.334246+09:00,chip_name,96,eee,20260410_172234_eee,2026-04-10T17:22:34.711018+09:00,eee
11,15,0,0,2026-04-10T17:28:06.037986+09:00,chip_name,96,eee,20260410_172234_eee,2026-04-10T17:22:34.711018+09:00,eee
12,0,0,0,2026-04-10T17:28:06.744334+09:00,chip_name,96,eee,20260410_172234_eee,2026-04-10T17:22:34.711018+09:00,eee
12,1,0,0,2026-04-10T17:28:07.433991+09:00,chip_name,96,eee,20260410_172234_eee,2026-04-10T17:22:34.711018+09:00,eee
12,2,0,0,2026-04-10T17:28:08.110245+09:00,chip_name,96,eee,20260410_172234_eee,2026-04-10T17:22:34.711018+09:00,eee
12,3,0,0,2026-04-10T17:28:08.785092+09:00,chip_name,96,eee,20260410_172234_eee,2026-04-10T17:22:34.711018+09:00,eee
12,4,0,0,2026-04-10T17:28:09.475797+09:00,chip_name,96,eee,20260410_172234_eee,2026-04-10T17:22:34.711018+09:00,eee
12,5,0,0,2026-04-10T17:28:10.191257+09:00,chip_name,96,eee,20260410_172234_eee,2026-04-10T17:22:34.711018+09:00,eee
12,6,0,0,2026-04-10T17:28:10.891895+09:00,chip_name,96,eee,20260410_172234_eee,2026-04-10T17:22:34.711018+09:00,eee
12,7,0,0,2026-04-10T17:28:11.584054+09:00,chip_name,96,eee,20260410_172234_eee,2026-04-10T17:22:34.711018+09:00,eee
12,8,0,0,2026-04-10T17:28:12.277714+09:00,chip_name,96,eee,20260410_172234_eee,2026-04-10T17:22:34.711018+09:00,eee
12,9,0,0,2026-04-10T17:28:12.970567+09:00,chip_name,96,eee,20260410_172234_eee,2026-04-10T17:22:34.711018+09:00,eee
12,10,0,0,2026-04-10T17:28:13.690088+09:00,chip_name,96,eee,20260410_172234_eee,2026-04-10T17:22:34.711018+09:00,eee
12,11,0,0,2026-04-10T17:28:14.393893+09:00,chip_name,96,eee,20260410_172234_eee,2026-04-10T17:22:34.711018+09:00,eee
12,12,0,0,2026-04-10T17:28:15.084684+09:00,chip_name,96,eee,20260410_172234_eee,2026-04-10T17:22:34.711018+09:00,eee
12,13,0,0,2026-04-10T17:28:15.760916+09:00,chip_name,96,eee,20260410_172234_eee,2026-04-10T17:22:34.711018+09:00,eee
12,14,0,0,2026-04-10T17:28:16.435560+09:00,chip_name,96,eee,20260410_172234_eee,2026-04-10T17:22:34.711018+09:00,eee
12,15,0,0,2026-04-10T17:28:17.111054+09:00,chip_name,96,eee,20260410_172234_eee,2026-04-10T17:22:34.711018+09:00,eee
13,0,0,0,2026-04-10T17:28:17.827972+09:00,chip_name,96,eee,20260410_172234_eee,2026-04-10T17:22:34.711018+09:00,eee
13,1,0,0,2026-04-10T17:28:18.537153+09:00,chip_name,96,eee,20260410_172234_eee,2026-04-10T17:22:34.711018+09:00,eee
13,2,0,0,2026-04-10T17:28:19.223292+09:00,chip_name,96,eee,20260410_172234_eee,2026-04-10T17:22:34.711018+09:00,eee
13,3,0,0,2026-04-10T17:28:19.901027+09:00,chip_name,96,eee,20260410_172234_eee,2026-04-10T17:22:34.711018+09:00,eee
13,4,0,0,2026-04-10T17:28:20.576400+09:00,chip_name,96,eee,20260410_172234_eee,2026-04-10T17:22:34.711018+09:00,eee
13,5,0,0,2026-04-10T17:28:21.274942+09:00,chip_name,96,eee,20260410_172234_eee,2026-04-10T17:22:34.711018+09:00,eee
13,6,0,0,2026-04-10T17:28:21.987493+09:00,chip_name,96,eee,20260410_172234_eee,2026-04-10T17:22:34.711018+09:00,eee
13,7,0,0,2026-04-10T17:28:22.695930+09:00,chip_name,96,eee,20260410_172234_eee,2026-04-10T17:22:34.711018+09:00,eee
13,8,0,0,2026-04-10T17:28:23.376936+09:00,chip_name,96,eee,20260410_172234_eee,2026-04-10T17:22:34.711018+09:00,eee
13,9,0,0,2026-04-10T17:28:24.066105+09:00,chip_name,96,eee,20260410_172234_eee,2026-04-10T17:22:34.711018+09:00,eee
13,10,0,0,2026-04-10T17:28:24.758166+09:00,chip_name,96,eee,20260410_172234_eee,2026-04-10T17:22:34.711018+09:00,eee
13,11,0,0,2026-04-10T17:28:25.471269+09:00,chip_name,96,eee,20260410_172234_eee,2026-04-10T17:22:34.711018+09:00,eee
13,12,0,0,2026-04-10T17:28:26.173895+09:00,chip_name,96,eee,20260410_172234_eee,2026-04-10T17:22:34.711018+09:00,eee
13,13,0,0,2026-04-10T17:28:26.853047+09:00,chip_name,96,eee,20260410_172234_eee,2026-04-10T17:22:34.711018+09:00,eee
13,14,0,0,2026-04-10T17:28:27.543941+09:00,chip_name,96,eee,20260410_172234_eee,2026-04-10T17:22:34.711018+09:00,eee
13,15,0,0,2026-04-10T17:28:28.218782+09:00,chip_name,96,eee,20260410_172234_eee,2026-04-10T17:22:34.711018+09:00,eee
14,0,0,0,2026-04-10T17:28:28.895885+09:00,chip_name,96,eee,20260410_172234_eee,2026-04-10T17:22:34.711018+09:00,eee
14,1,0,0,2026-04-10T17:28:29.612787+09:00,chip_name,96,eee,20260410_172234_eee,2026-04-10T17:22:34.711018+09:00,eee
14,2,0,0,2026-04-10T17:28:30.316365+09:00,chip_name,96,eee,20260410_172234_eee,2026-04-10T17:22:34.711018+09:00,eee
14,3,0,0,2026-04-10T17:28:30.995187+09:00,chip_name,96,eee,20260410_172234_eee,2026-04-10T17:22:34.711018+09:00,eee
14,4,0,0,2026-04-10T17:28:31.681887+09:00,chip_name,96,eee,20260410_172234_eee,2026-04-10T17:22:34.711018+09:00,eee
14,5,0,0,2026-04-10T17:28:32.356917+09:00,chip_name,96,eee,20260410_172234_eee,2026-04-10T17:22:34.711018+09:00,eee
14,6,0,0,2026-04-10T17:28:33.056038+09:00,chip_name,96,eee,20260410_172234_eee,2026-04-10T17:22:34.711018+09:00,eee
14,7,0,0,2026-04-10T17:28:33.753899+09:00,chip_name,96,eee,20260410_172234_eee,2026-04-10T17:22:34.711018+09:00,eee
14,8,0,0,2026-04-10T17:28:34.447910+09:00,chip_name,96,eee,20260410_172234_eee,2026-04-10T17:22:34.711018+09:00,eee
14,9,0,0,2026-04-10T17:28:35.124694+09:00,chip_name,96,eee,20260410_172234_eee,2026-04-10T17:22:34.711018+09:00,eee
14,10,0,0,2026-04-10T17:28:35.825445+09:00,chip_name,96,eee,20260410_172234_eee,2026-04-10T17:22:34.711018+09:00,eee
14,11,0,0,2026-04-10T17:28:36.505049+09:00,chip_name,96,eee,20260410_172234_eee,2026-04-10T17:22:34.711018+09:00,eee
14,12,0,0,2026-04-10T17:28:37.215539+09:00,chip_name,96,eee,20260410_172234_eee,2026-04-10T17:22:34.711018+09:00,eee
14,13,0,0,2026-04-10T17:28:37.912716+09:00,chip_name,96,eee,20260410_172234_eee,2026-04-10T17:22:34.711018+09:00,eee
14,14,0,0,2026-04-10T17:28:38.589786+09:00,chip_name,96,eee,20260410_172234_eee,2026-04-10T17:22:34.711018+09:00,eee
14,15,0,0,2026-04-10T17:28:39.266603+09:00,chip_name,96,eee,20260410_172234_eee,2026-04-10T17:22:34.711018+09:00,eee
15,0,0,0,2026-04-10T17:28:39.944282+09:00,chip_name,96,eee,20260410_172234_eee,2026-04-10T17:22:34.711018+09:00,eee
15,1,0,0,2026-04-10T17:28:40.651960+09:00,chip_name,96,eee,20260410_172234_eee,2026-04-10T17:22:34.711018+09:00,eee
15,2,0,0,2026-04-10T17:28:41.359461+09:00,chip_name,96,eee,20260410_172234_eee,2026-04-10T17:22:34.711018+09:00,eee
15,3,0,0,2026-04-10T17:28:42.054100+09:00,chip_name,96,eee,20260410_172234_eee,2026-04-10T17:22:34.711018+09:00,eee
15,4,0,0,2026-04-10T17:28:42.729338+09:00,chip_name,96,eee,20260410_172234_eee,2026-04-10T17:22:34.711018+09:00,eee
15,5,0,0,2026-04-10T17:28:43.405151+09:00,chip_name,96,eee,20260410_172234_eee,2026-04-10T17:22:34.711018+09:00,eee
15,6,0,0,2026-04-10T17:28:44.080058+09:00,chip_name,96,eee,20260410_172234_eee,2026-04-10T17:22:34.711018+09:00,eee
15,7,0,0,2026-04-10T17:28:44.800220+09:00,chip_name,96,eee,20260410_172234_eee,2026-04-10T17:22:34.711018+09:00,eee
15,8,0,0,2026-04-10T17:28:45.498627+09:00,chip_name,96,eee,20260410_172234_eee,2026-04-10T17:22:34.711018+09:00,eee
15,9,0,0,2026-04-10T17:28:46.187054+09:00,chip_name,96,eee,20260410_172234_eee,2026-04-10T17:22:34.711018+09:00,eee
15,10,0,0,2026-04-10T17:28:46.878317+09:00,chip_name,96,eee,20260410_172234_eee,2026-04-10T17:22:34.711018+09:00,eee
15,11,0,0,2026-04-10T17:28:47.569766+09:00,chip_name,96,eee,20260410_172234_eee,2026-04-10T17:22:34.711018+09:00,eee
15,12,0,0,2026-04-10T17:28:48.277028+09:00,chip_name,96,eee,20260410_172234_eee,2026-04-10T17:22:34.711018+09:00,eee
15,13,0,0,2026-04-10T17:28:48.978877+09:00,chip_name,96,eee,20260410_172234_eee,2026-04-10T17:22:34.711018+09:00,eee
15,14,0,0,2026-04-10T17:28:49.683469+09:00,chip_name,96,eee,20260410_172234_eee,2026-04-10T17:22:34.711018+09:00,eee
15,15,0,0,2026-04-10T17:28:50.359662+09:00,chip_name,96,eee,20260410_172234_eee,2026-04-10T17:22:34.711018+09:00,eee
